1616237038137,308,HTTP Request,200,OK,Thread Group 1-1,text,true,,15036,140,3,3,http://www.google.com/?Email=abcd@yahoo.com,273,0,170
1616237038224,214,HTTP Request,200,OK,Thread Group 1-2,text,true,,15005,140,3,3,http://www.google.com/?Email=abcd@yahoo.com,184,0,83
1616237038451,102,HTTP Request,200,OK,Thread Group 1-2,text,true,,14993,140,3,3,http://www.google.com/?Email=abcd@yahoo.com,96,0,0
1616237038451,102,HTTP Request,200,OK,Thread Group 1-1,text,true,,15018,140,3,3,http://www.google.com/?Email=abcd@yahoo.com,96,0,0
1616237038423,174,HTTP Request,200,OK,Thread Group 1-3,text,true,,15044,140,3,3,http://www.google.com/?Email=abcd@yahoo.com,141,0,34
1616237038554,97,HTTP Request,200,OK,Thread Group 1-2,text,true,,14998,140,4,4,http://www.google.com/?Email=abcd@yahoo.com,92,0,0
1616237038554,98,HTTP Request,200,OK,Thread Group 1-1,text,true,,15046,140,4,4,http://www.google.com/?Email=abcd@yahoo.com,93,0,0
1616237038597,107,HTTP Request,200,OK,Thread Group 1-3,text,true,,14959,140,4,4,http://www.google.com/?Email=abcd@yahoo.com,100,0,0
1616237038652,96,HTTP Request,200,OK,Thread Group 1-1,text,true,,14990,140,4,4,http://www.google.com/?Email=abcd@yahoo.com,89,0,0
1616237038651,103,HTTP Request,200,OK,Thread Group 1-2,text,true,,14999,140,4,4,http://www.google.com/?Email=abcd@yahoo.com,96,0,0
1616237038623,164,HTTP Request,200,OK,Thread Group 1-4,text,true,,14979,140,4,4,http://www.google.com/?Email=abcd@yahoo.com,130,0,33
1616237038704,101,HTTP Request,200,OK,Thread Group 1-3,text,true,,15046,140,4,4,http://www.google.com/?Email=abcd@yahoo.com,96,0,0
1616237038749,108,HTTP Request,200,OK,Thread Group 1-1,text,true,,15025,140,5,5,http://www.google.com/?Email=abcd@yahoo.com,94,0,0
1616237038755,103,HTTP Request,200,OK,Thread Group 1-2,text,true,,15024,140,5,5,http://www.google.com/?Email=abcd@yahoo.com,95,0,0
1616237038788,96,HTTP Request,200,OK,Thread Group 1-4,text,true,,15008,140,5,5,http://www.google.com/?Email=abcd@yahoo.com,93,0,0
1616237038806,99,HTTP Request,200,OK,Thread Group 1-3,text,true,,15060,140,5,5,http://www.google.com/?Email=abcd@yahoo.com,93,0,0
1616237038858,102,HTTP Request,200,OK,Thread Group 1-2,text,true,,15000,140,5,5,http://www.google.com/?Email=abcd@yahoo.com,95,0,0
1616237038858,105,HTTP Request,200,OK,Thread Group 1-1,text,true,,15015,140,5,5,http://www.google.com/?Email=abcd@yahoo.com,98,0,0
1616237038820,155,HTTP Request,200,OK,Thread Group 1-5,text,true,,15060,140,5,5,http://www.google.com/?Email=abcd@yahoo.com,126,0,37
1616237038885,98,HTTP Request,200,OK,Thread Group 1-4,text,true,,15073,140,5,5,http://www.google.com/?Email=abcd@yahoo.com,95,0,0
1616237038905,99,HTTP Request,200,OK,Thread Group 1-3,text,true,,15031,140,5,5,http://www.google.com/?Email=abcd@yahoo.com,93,0,0
1616237038964,105,HTTP Request,200,OK,Thread Group 1-1,text,true,,15001,140,5,5,http://www.google.com/?Email=abcd@yahoo.com,99,0,0
1616237038976,101,HTTP Request,200,OK,Thread Group 1-5,text,true,,14989,140,5,5,http://www.google.com/?Email=abcd@yahoo.com,95,0,0
1616237038984,102,HTTP Request,200,OK,Thread Group 1-4,text,true,,15049,140,5,5,http://www.google.com/?Email=abcd@yahoo.com,92,0,0
1616237039005,102,HTTP Request,200,OK,Thread Group 1-3,text,true,,15051,140,5,5,http://www.google.com/?Email=abcd@yahoo.com,96,0,0
1616237038961,195,HTTP Request,200,OK,Thread Group 1-2,text,true,,15030,140,5,5,http://www.google.com/?Email=abcd@yahoo.com,188,0,0
1616237039071,100,HTTP Request,200,OK,Thread Group 1-1,text,true,,14990,140,5,5,http://www.google.com/?Email=abcd@yahoo.com,94,0,0
1616237039078,106,HTTP Request,200,OK,Thread Group 1-5,text,true,,15046,140,5,5,http://www.google.com/?Email=abcd@yahoo.com,96,0,0
1616237039087,102,HTTP Request,200,OK,Thread Group 1-4,text,true,,14999,140,5,5,http://www.google.com/?Email=abcd@yahoo.com,101,0,0
1616237039107,102,HTTP Request,200,OK,Thread Group 1-3,text,true,,15103,140,5,5,http://www.google.com/?Email=abcd@yahoo.com,96,0,0
1616237039157,103,HTTP Request,200,OK,Thread Group 1-2,text,true,,15002,140,5,5,http://www.google.com/?Email=abcd@yahoo.com,97,0,0
1616237039172,100,HTTP Request,200,OK,Thread Group 1-1,text,true,,15032,140,5,5,http://www.google.com/?Email=abcd@yahoo.com,94,0,0
1616237039185,108,HTTP Request,200,OK,Thread Group 1-5,text,true,,15082,140,5,5,http://www.google.com/?Email=abcd@yahoo.com,96,0,0
1616237039189,106,HTTP Request,200,OK,Thread Group 1-4,text,true,,14994,140,5,5,http://www.google.com/?Email=abcd@yahoo.com,104,0,0
1616237039210,99,HTTP Request,200,OK,Thread Group 1-3,text,true,,14944,140,5,5,http://www.google.com/?Email=abcd@yahoo.com,93,0,0
1616237039261,99,HTTP Request,200,OK,Thread Group 1-2,text,true,,15054,140,5,5,http://www.google.com/?Email=abcd@yahoo.com,93,0,0
1616237039294,105,HTTP Request,200,OK,Thread Group 1-5,text,true,,15006,140,5,5,http://www.google.com/?Email=abcd@yahoo.com,102,0,0
1616237039296,104,HTTP Request,200,OK,Thread Group 1-4,text,true,,14966,140,5,5,http://www.google.com/?Email=abcd@yahoo.com,100,0,0
1616237039273,129,HTTP Request,200,OK,Thread Group 1-1,text,true,,15021,140,5,5,http://www.google.com/?Email=abcd@yahoo.com,125,0,0
1616237039309,99,HTTP Request,200,OK,Thread Group 1-3,text,true,,14995,140,5,5,http://www.google.com/?Email=abcd@yahoo.com,94,0,0
1616237039360,99,HTTP Request,200,OK,Thread Group 1-2,text,true,,15044,140,5,5,http://www.google.com/?Email=abcd@yahoo.com,93,0,0
1616237039400,107,HTTP Request,200,OK,Thread Group 1-5,text,true,,15011,140,5,5,http://www.google.com/?Email=abcd@yahoo.com,98,0,0
1616237039402,105,HTTP Request,200,OK,Thread Group 1-4,text,true,,15080,140,5,5,http://www.google.com/?Email=abcd@yahoo.com,96,0,0
1616237039409,99,HTTP Request,200,OK,Thread Group 1-3,text,true,,14996,140,5,5,http://www.google.com/?Email=abcd@yahoo.com,94,0,0
1616237039403,104,HTTP Request,200,OK,Thread Group 1-1,text,true,,15041,140,5,5,http://www.google.com/?Email=abcd@yahoo.com,99,0,0
1616237039460,100,HTTP Request,200,OK,Thread Group 1-2,text,true,,15049,140,5,5,http://www.google.com/?Email=abcd@yahoo.com,94,0,0
1616237039509,103,HTTP Request,200,OK,Thread Group 1-4,text,true,,15039,140,5,5,http://www.google.com/?Email=abcd@yahoo.com,97,0,0
1616237039509,104,HTTP Request,200,OK,Thread Group 1-5,text,true,,15040,140,5,5,http://www.google.com/?Email=abcd@yahoo.com,96,0,0
1616237039509,105,HTTP Request,200,OK,Thread Group 1-3,text,true,,15819,140,5,5,http://www.google.com/?Email=abcd@yahoo.com,97,0,0
1616237039510,106,HTTP Request,200,OK,Thread Group 1-1,text,true,,15074,140,5,5,http://www.google.com/?Email=abcd@yahoo.com,101,0,0
1616237039561,96,HTTP Request,200,OK,Thread Group 1-2,text,true,,15058,140,5,5,http://www.google.com/?Email=abcd@yahoo.com,90,0,0
1616237039614,101,HTTP Request,200,OK,Thread Group 1-3,text,true,,15055,140,5,5,http://www.google.com/?Email=abcd@yahoo.com,94,0,0
1616237039613,104,HTTP Request,200,OK,Thread Group 1-4,text,true,,14980,140,5,5,http://www.google.com/?Email=abcd@yahoo.com,96,0,0
1616237039614,105,HTTP Request,200,OK,Thread Group 1-5,text,true,,15020,140,5,5,http://www.google.com/?Email=abcd@yahoo.com,97,0,0
1616237039616,103,HTTP Request,200,OK,Thread Group 1-1,text,true,,15017,140,5,5,http://www.google.com/?Email=abcd@yahoo.com,96,0,0
1616237039658,102,HTTP Request,200,OK,Thread Group 1-2,text,true,,15050,140,5,5,http://www.google.com/?Email=abcd@yahoo.com,97,0,0
1616237039718,96,HTTP Request,200,OK,Thread Group 1-4,text,true,,15007,140,5,5,http://www.google.com/?Email=abcd@yahoo.com,89,0,0
1616237039720,97,HTTP Request,200,OK,Thread Group 1-5,text,true,,15016,140,5,5,http://www.google.com/?Email=abcd@yahoo.com,89,0,0
1616237039716,102,HTTP Request,200,OK,Thread Group 1-3,text,true,,15038,140,5,5,http://www.google.com/?Email=abcd@yahoo.com,96,0,0
1616237039720,100,HTTP Request,200,OK,Thread Group 1-1,text,true,,15038,140,5,5,http://www.google.com/?Email=abcd@yahoo.com,93,0,0
1616237039761,96,HTTP Request,200,OK,Thread Group 1-2,text,true,,15040,140,5,5,http://www.google.com/?Email=abcd@yahoo.com,90,0,0
1616237039818,99,HTTP Request,200,OK,Thread Group 1-5,text,true,,15063,140,5,5,http://www.google.com/?Email=abcd@yahoo.com,93,0,0
1616237039818,99,HTTP Request,200,OK,Thread Group 1-3,text,true,,14982,140,5,5,http://www.google.com/?Email=abcd@yahoo.com,91,0,0
1616237039814,104,HTTP Request,200,OK,Thread Group 1-4,text,true,,15059,140,5,5,http://www.google.com/?Email=abcd@yahoo.com,98,0,0
1616237039820,108,HTTP Request,200,OK,Thread Group 1-1,text,true,,15011,140,5,5,http://www.google.com/?Email=abcd@yahoo.com,103,0,0
1616237039857,103,HTTP Request,200,OK,Thread Group 1-2,text,true,,15016,140,5,5,http://www.google.com/?Email=abcd@yahoo.com,97,0,0
1616237039919,101,HTTP Request,200,OK,Thread Group 1-4,text,true,,15050,140,5,5,http://www.google.com/?Email=abcd@yahoo.com,95,0,0
1616237039919,105,HTTP Request,200,OK,Thread Group 1-5,text,true,,14993,140,5,5,http://www.google.com/?Email=abcd@yahoo.com,95,0,0
1616237039919,106,HTTP Request,200,OK,Thread Group 1-3,text,true,,14996,140,5,5,http://www.google.com/?Email=abcd@yahoo.com,96,0,0
1616237039929,101,HTTP Request,200,OK,Thread Group 1-1,text,true,,15029,140,5,5,http://www.google.com/?Email=abcd@yahoo.com,96,0,0
1616237039961,101,HTTP Request,200,OK,Thread Group 1-2,text,true,,15071,140,5,5,http://www.google.com/?Email=abcd@yahoo.com,96,0,0
1616237040031,96,HTTP Request,200,OK,Thread Group 1-1,text,true,,15012,140,5,5,http://www.google.com/?Email=abcd@yahoo.com,90,0,0
1616237040025,103,HTTP Request,200,OK,Thread Group 1-5,text,true,,15065,140,5,5,http://www.google.com/?Email=abcd@yahoo.com,97,0,0
1616237040025,109,HTTP Request,200,OK,Thread Group 1-3,text,true,,15065,140,5,5,http://www.google.com/?Email=abcd@yahoo.com,104,0,0
1616237040028,112,HTTP Request,200,OK,Thread Group 1-4,text,true,,15038,140,5,5,http://www.google.com/?Email=abcd@yahoo.com,106,0,0
1616237040062,96,HTTP Request,200,OK,Thread Group 1-2,text,true,,15055,140,5,5,http://www.google.com/?Email=abcd@yahoo.com,90,0,0
1616237040129,102,HTTP Request,200,OK,Thread Group 1-5,text,true,,15020,140,5,5,http://www.google.com/?Email=abcd@yahoo.com,94,0,0
1616237040128,104,HTTP Request,200,OK,Thread Group 1-1,text,true,,15042,140,5,5,http://www.google.com/?Email=abcd@yahoo.com,97,0,0
1616237040134,100,HTTP Request,200,OK,Thread Group 1-3,text,true,,15059,140,5,5,http://www.google.com/?Email=abcd@yahoo.com,93,0,0
1616237040140,96,HTTP Request,200,OK,Thread Group 1-4,text,true,,14964,140,5,5,http://www.google.com/?Email=abcd@yahoo.com,94,0,0
1616237040158,105,HTTP Request,200,OK,Thread Group 1-2,text,true,,15043,140,5,5,http://www.google.com/?Email=abcd@yahoo.com,99,0,0
1616237040232,100,HTTP Request,200,OK,Thread Group 1-1,text,true,,14986,140,5,5,http://www.google.com/?Email=abcd@yahoo.com,92,0,0
1616237040232,100,HTTP Request,200,OK,Thread Group 1-5,text,true,,15018,140,5,5,http://www.google.com/?Email=abcd@yahoo.com,92,0,0
1616237040237,97,HTTP Request,200,OK,Thread Group 1-4,text,true,,15028,140,5,5,http://www.google.com/?Email=abcd@yahoo.com,89,0,0
1616237040234,105,HTTP Request,200,OK,Thread Group 1-3,text,true,,14975,140,5,5,http://www.google.com/?Email=abcd@yahoo.com,99,0,0
1616237040264,94,HTTP Request,200,OK,Thread Group 1-2,text,true,,15045,140,5,5,http://www.google.com/?Email=abcd@yahoo.com,88,0,0
1616237040333,102,HTTP Request,200,OK,Thread Group 1-1,text,true,,15044,140,5,5,http://www.google.com/?Email=abcd@yahoo.com,95,0,0
1616237040333,102,HTTP Request,200,OK,Thread Group 1-5,text,true,,14981,140,5,5,http://www.google.com/?Email=abcd@yahoo.com,95,0,0
1616237040335,105,HTTP Request,200,OK,Thread Group 1-4,text,true,,15021,140,4,4,http://www.google.com/?Email=abcd@yahoo.com,93,0,0
1616237040340,101,HTTP Request,200,OK,Thread Group 1-3,text,true,,15012,140,4,4,http://www.google.com/?Email=abcd@yahoo.com,100,0,0
1616237040359,99,HTTP Request,200,OK,Thread Group 1-2,text,true,,15041,140,4,4,http://www.google.com/?Email=abcd@yahoo.com,94,0,0
1616237040436,99,HTTP Request,200,OK,Thread Group 1-5,text,true,,15040,140,3,3,http://www.google.com/?Email=abcd@yahoo.com,91,0,0
1616237040441,99,HTTP Request,200,OK,Thread Group 1-3,text,true,,15037,140,3,3,http://www.google.com/?Email=abcd@yahoo.com,93,0,0
1616237040441,103,HTTP Request,200,OK,Thread Group 1-4,text,true,,15032,140,2,2,http://www.google.com/?Email=abcd@yahoo.com,97,0,0
1616237040536,97,HTTP Request,200,OK,Thread Group 1-5,text,true,,15046,140,2,2,http://www.google.com/?Email=abcd@yahoo.com,90,0,0
1616237040545,112,HTTP Request,200,OK,Thread Group 1-4,text,true,,15002,140,2,2,http://www.google.com/?Email=abcd@yahoo.com,106,0,0
1616237040634,104,HTTP Request,200,OK,Thread Group 1-5,text,true,,15044,140,2,2,http://www.google.com/?Email=abcd@yahoo.com,97,0,0
1616237040658,105,HTTP Request,200,OK,Thread Group 1-4,text,true,,15039,140,2,2,http://www.google.com/?Email=abcd@yahoo.com,99,0,0
1616237040739,99,HTTP Request,200,OK,Thread Group 1-5,text,true,,15076,140,1,1,http://www.google.com/?Email=abcd@yahoo.com,93,0,0
1616237040839,93,HTTP Request,200,OK,Thread Group 1-5,text,true,,15002,140,1,1,http://www.google.com/?Email=abcd@yahoo.com,91,0,0
1616237378988,314,HTTP Request,200,OK,Thread Group 1-1,text,true,,15054,140,3,3,http://www.google.com/?Email=abcd@yahoo.com,295,0,177
1616237379063,240,HTTP Request,200,OK,Thread Group 1-2,text,true,,15054,140,3,3,http://www.google.com/?Email=abcd@yahoo.com,221,0,105
1616237379262,160,HTTP Request,200,OK,Thread Group 1-3,text,true,,15032,140,3,3,http://www.google.com/?Email=abcd@yahoo.com,126,0,38
1616237379320,104,HTTP Request,200,OK,Thread Group 1-1,text,true,,15011,140,3,3,http://www.google.com/?Email=abcd@yahoo.com,99,0,0
1616237379320,104,HTTP Request,200,OK,Thread Group 1-2,text,true,,15045,140,3,3,http://www.google.com/?Email=abcd@yahoo.com,100,0,0
1616237379423,102,HTTP Request,200,OK,Thread Group 1-3,text,true,,14987,140,4,4,http://www.google.com/?Email=abcd@yahoo.com,95,0,0
1616237379425,101,HTTP Request,200,OK,Thread Group 1-1,text,true,,15045,140,4,4,http://www.google.com/?Email=abcd@yahoo.com,97,0,0
1616237379425,106,HTTP Request,200,OK,Thread Group 1-2,text,true,,15051,140,4,4,http://www.google.com/?Email=abcd@yahoo.com,99,0,0
1616237379464,168,HTTP Request,200,OK,Thread Group 1-4,text,true,,15046,140,4,4,http://www.google.com/?Email=abcd@yahoo.com,135,0,37
1616237379531,106,HTTP Request,200,OK,Thread Group 1-1,text,true,,15024,140,4,4,http://www.google.com/?Email=abcd@yahoo.com,99,0,0
1616237379526,116,HTTP Request,200,OK,Thread Group 1-3,text,true,,15026,140,4,4,http://www.google.com/?Email=abcd@yahoo.com,110,0,0
1616237379532,110,HTTP Request,200,OK,Thread Group 1-2,text,true,,15034,140,4,4,http://www.google.com/?Email=abcd@yahoo.com,103,0,0
1616237379632,115,HTTP Request,200,OK,Thread Group 1-4,text,true,,15056,140,5,5,http://www.google.com/?Email=abcd@yahoo.com,105,0,0
1616237379643,106,HTTP Request,200,OK,Thread Group 1-3,text,true,,15009,140,5,5,http://www.google.com/?Email=abcd@yahoo.com,102,0,0
1616237379643,108,HTTP Request,200,OK,Thread Group 1-2,text,true,,15033,140,5,5,http://www.google.com/?Email=abcd@yahoo.com,103,0,0
1616237379637,115,HTTP Request,200,OK,Thread Group 1-1,text,true,,15031,140,5,5,http://www.google.com/?Email=abcd@yahoo.com,110,0,0
1616237379657,161,HTTP Request,200,OK,Thread Group 1-5,text,true,,15076,140,5,5,http://www.google.com/?Email=abcd@yahoo.com,129,0,34
1616237379748,101,HTTP Request,200,OK,Thread Group 1-4,text,true,,15085,140,5,5,http://www.google.com/?Email=abcd@yahoo.com,95,0,0
1616237379752,107,HTTP Request,200,OK,Thread Group 1-1,text,true,,15020,140,5,5,http://www.google.com/?Email=abcd@yahoo.com,96,0,0
1616237379749,112,HTTP Request,200,OK,Thread Group 1-3,text,true,,15098,140,5,5,http://www.google.com/?Email=abcd@yahoo.com,110,0,0
1616237379751,110,HTTP Request,200,OK,Thread Group 1-2,text,true,,15036,140,5,5,http://www.google.com/?Email=abcd@yahoo.com,107,0,0
1616237379818,105,HTTP Request,200,OK,Thread Group 1-5,text,true,,15029,140,5,5,http://www.google.com/?Email=abcd@yahoo.com,99,0,0
1616237379849,107,HTTP Request,200,OK,Thread Group 1-4,text,true,,14989,140,5,5,http://www.google.com/?Email=abcd@yahoo.com,101,0,0
1616237379860,98,HTTP Request,200,OK,Thread Group 1-1,text,true,,15000,140,5,5,http://www.google.com/?Email=abcd@yahoo.com,90,0,0
1616237379862,105,HTTP Request,200,OK,Thread Group 1-2,text,true,,15072,140,5,5,http://www.google.com/?Email=abcd@yahoo.com,99,0,0
1616237379863,107,HTTP Request,200,OK,Thread Group 1-3,text,true,,15059,140,5,5,http://www.google.com/?Email=abcd@yahoo.com,100,0,0
1616237379923,98,HTTP Request,200,OK,Thread Group 1-5,text,true,,15007,140,5,5,http://www.google.com/?Email=abcd@yahoo.com,92,0,0
1616237379956,105,HTTP Request,200,OK,Thread Group 1-4,text,true,,15023,140,5,5,http://www.google.com/?Email=abcd@yahoo.com,99,0,0
1616237379959,102,HTTP Request,200,OK,Thread Group 1-1,text,true,,15052,140,5,5,http://www.google.com/?Email=abcd@yahoo.com,96,0,0
1616237379971,110,HTTP Request,200,OK,Thread Group 1-3,text,true,,15032,140,5,5,http://www.google.com/?Email=abcd@yahoo.com,97,0,0
1616237379968,114,HTTP Request,200,OK,Thread Group 1-2,text,true,,15070,140,5,5,http://www.google.com/?Email=abcd@yahoo.com,113,0,0
1616237380022,102,HTTP Request,200,OK,Thread Group 1-5,text,true,,15065,140,5,5,http://www.google.com/?Email=abcd@yahoo.com,95,0,0
1616237380062,98,HTTP Request,200,OK,Thread Group 1-4,text,true,,15062,140,5,5,http://www.google.com/?Email=abcd@yahoo.com,91,0,0
1616237380063,102,HTTP Request,200,OK,Thread Group 1-1,text,true,,15043,140,5,5,http://www.google.com/?Email=abcd@yahoo.com,98,0,0
1616237380081,112,HTTP Request,200,OK,Thread Group 1-3,text,true,,15090,140,5,5,http://www.google.com/?Email=abcd@yahoo.com,105,0,0
1616237380082,112,HTTP Request,200,OK,Thread Group 1-2,text,true,,15034,140,5,5,http://www.google.com/?Email=abcd@yahoo.com,103,0,0
1616237380124,102,HTTP Request,200,OK,Thread Group 1-5,text,true,,14989,140,5,5,http://www.google.com/?Email=abcd@yahoo.com,96,0,0
1616237380166,106,HTTP Request,200,OK,Thread Group 1-1,text,true,,15071,140,5,5,http://www.google.com/?Email=abcd@yahoo.com,101,0,0
1616237380161,113,HTTP Request,200,OK,Thread Group 1-4,text,true,,15079,140,5,5,http://www.google.com/?Email=abcd@yahoo.com,107,0,0
1616237380194,108,HTTP Request,200,OK,Thread Group 1-2,text,true,,14984,140,5,5,http://www.google.com/?Email=abcd@yahoo.com,101,0,0
1616237380194,115,HTTP Request,200,OK,Thread Group 1-3,text,true,,15054,140,5,5,http://www.google.com/?Email=abcd@yahoo.com,110,0,0
1616237380227,100,HTTP Request,200,OK,Thread Group 1-5,text,true,,15003,140,5,5,http://www.google.com/?Email=abcd@yahoo.com,94,0,0
1616237380273,98,HTTP Request,200,OK,Thread Group 1-1,text,true,,15073,140,5,5,http://www.google.com/?Email=abcd@yahoo.com,92,0,0
1616237380276,118,HTTP Request,200,OK,Thread Group 1-4,text,true,,15041,140,5,5,http://www.google.com/?Email=abcd@yahoo.com,114,0,0
1616237380311,104,HTTP Request,200,OK,Thread Group 1-3,text,true,,15043,140,5,5,http://www.google.com/?Email=abcd@yahoo.com,99,0,0
1616237380303,119,HTTP Request,200,OK,Thread Group 1-2,text,true,,15038,140,5,5,http://www.google.com/?Email=abcd@yahoo.com,113,0,0
1616237380328,100,HTTP Request,200,OK,Thread Group 1-5,text,true,,15063,140,5,5,http://www.google.com/?Email=abcd@yahoo.com,95,0,0
1616237380371,105,HTTP Request,200,OK,Thread Group 1-1,text,true,,15028,140,5,5,http://www.google.com/?Email=abcd@yahoo.com,94,0,0
1616237380395,107,HTTP Request,200,OK,Thread Group 1-4,text,true,,15858,140,5,5,http://www.google.com/?Email=abcd@yahoo.com,101,0,0
1616237380416,105,HTTP Request,200,OK,Thread Group 1-3,text,true,,15023,140,5,5,http://www.google.com/?Email=abcd@yahoo.com,99,0,0
1616237380423,101,HTTP Request,200,OK,Thread Group 1-2,text,true,,15001,140,5,5,http://www.google.com/?Email=abcd@yahoo.com,94,0,0
1616237380430,102,HTTP Request,200,OK,Thread Group 1-5,text,true,,14998,140,5,5,http://www.google.com/?Email=abcd@yahoo.com,96,0,0
1616237380476,101,HTTP Request,200,OK,Thread Group 1-1,text,true,,15048,140,5,5,http://www.google.com/?Email=abcd@yahoo.com,97,0,0
1616237380503,95,HTTP Request,200,OK,Thread Group 1-4,text,true,,15055,140,5,5,http://www.google.com/?Email=abcd@yahoo.com,91,0,0
1616237380524,102,HTTP Request,200,OK,Thread Group 1-2,text,true,,15021,140,5,5,http://www.google.com/?Email=abcd@yahoo.com,95,0,0
1616237380521,107,HTTP Request,200,OK,Thread Group 1-3,text,true,,15001,140,5,5,http://www.google.com/?Email=abcd@yahoo.com,99,0,0
1616237380532,111,HTTP Request,200,OK,Thread Group 1-5,text,true,,14982,140,5,5,http://www.google.com/?Email=abcd@yahoo.com,105,0,0
1616237380578,102,HTTP Request,200,OK,Thread Group 1-1,text,true,,15072,140,5,5,http://www.google.com/?Email=abcd@yahoo.com,98,0,0
1616237380598,106,HTTP Request,200,OK,Thread Group 1-4,text,true,,14999,140,5,5,http://www.google.com/?Email=abcd@yahoo.com,100,0,0
1616237380627,102,HTTP Request,200,OK,Thread Group 1-2,text,true,,15046,140,5,5,http://www.google.com/?Email=abcd@yahoo.com,95,0,0
1616237380628,104,HTTP Request,200,OK,Thread Group 1-3,text,true,,15016,140,5,5,http://www.google.com/?Email=abcd@yahoo.com,98,0,0
1616237380644,96,HTTP Request,200,OK,Thread Group 1-5,text,true,,15065,140,5,5,http://www.google.com/?Email=abcd@yahoo.com,91,0,0
1616237380681,105,HTTP Request,200,OK,Thread Group 1-1,text,true,,14976,140,5,5,http://www.google.com/?Email=abcd@yahoo.com,99,0,0
1616237380704,97,HTTP Request,200,OK,Thread Group 1-4,text,true,,15042,140,5,5,http://www.google.com/?Email=abcd@yahoo.com,95,0,0
1616237380729,103,HTTP Request,200,OK,Thread Group 1-2,text,true,,15002,140,5,5,http://www.google.com/?Email=abcd@yahoo.com,97,0,0
1616237380733,101,HTTP Request,200,OK,Thread Group 1-3,text,true,,14981,140,5,5,http://www.google.com/?Email=abcd@yahoo.com,94,0,0
1616237380741,105,HTTP Request,200,OK,Thread Group 1-5,text,true,,14976,140,5,5,http://www.google.com/?Email=abcd@yahoo.com,97,0,0
1616237380786,96,HTTP Request,200,OK,Thread Group 1-1,text,true,,14985,140,5,5,http://www.google.com/?Email=abcd@yahoo.com,91,0,0
1616237380802,102,HTTP Request,200,OK,Thread Group 1-4,text,true,,15005,140,5,5,http://www.google.com/?Email=abcd@yahoo.com,99,0,0
1616237380846,107,HTTP Request,200,OK,Thread Group 1-5,text,true,,15081,140,5,5,http://www.google.com/?Email=abcd@yahoo.com,103,0,0
1616237380835,119,HTTP Request,200,OK,Thread Group 1-3,text,true,,14987,140,5,5,http://www.google.com/?Email=abcd@yahoo.com,114,0,0
1616237380883,97,HTTP Request,200,OK,Thread Group 1-1,text,true,,15019,140,5,5,http://www.google.com/?Email=abcd@yahoo.com,92,0,0
1616237380904,99,HTTP Request,200,OK,Thread Group 1-4,text,true,,15039,140,5,5,http://www.google.com/?Email=abcd@yahoo.com,88,0,0
1616237380833,213,HTTP Request,200,OK,Thread Group 1-2,text,true,,15041,140,5,5,http://www.google.com/?Email=abcd@yahoo.com,205,0,0
1616237380954,98,HTTP Request,200,OK,Thread Group 1-3,text,true,,15038,140,5,5,http://www.google.com/?Email=abcd@yahoo.com,93,0,0
1616237380954,98,HTTP Request,200,OK,Thread Group 1-5,text,true,,15026,140,5,5,http://www.google.com/?Email=abcd@yahoo.com,93,0,0
1616237380980,99,HTTP Request,200,OK,Thread Group 1-1,text,true,,15003,140,5,5,http://www.google.com/?Email=abcd@yahoo.com,94,0,0
1616237381003,105,HTTP Request,200,OK,Thread Group 1-4,text,true,,15007,140,5,5,http://www.google.com/?Email=abcd@yahoo.com,99,0,0
1616237381046,103,HTTP Request,200,OK,Thread Group 1-2,text,true,,15016,140,5,5,http://www.google.com/?Email=abcd@yahoo.com,97,0,0
1616237381052,102,HTTP Request,200,OK,Thread Group 1-3,text,true,,15030,140,5,5,http://www.google.com/?Email=abcd@yahoo.com,97,0,0
1616237381052,105,HTTP Request,200,OK,Thread Group 1-5,text,true,,15007,140,5,5,http://www.google.com/?Email=abcd@yahoo.com,99,0,0
1616237381079,134,HTTP Request,200,OK,Thread Group 1-1,text,true,,15064,140,5,5,http://www.google.com/?Email=abcd@yahoo.com,132,0,0
1616237381109,105,HTTP Request,200,OK,Thread Group 1-4,text,true,,15001,140,5,5,http://www.google.com/?Email=abcd@yahoo.com,102,0,0
1616237381150,110,HTTP Request,200,OK,Thread Group 1-2,text,true,,15004,140,5,5,http://www.google.com/?Email=abcd@yahoo.com,98,0,0
1616237381155,107,HTTP Request,200,OK,Thread Group 1-3,text,true,,15053,140,5,5,http://www.google.com/?Email=abcd@yahoo.com,102,0,0
1616237381158,105,HTTP Request,200,OK,Thread Group 1-5,text,true,,15000,140,5,5,http://www.google.com/?Email=abcd@yahoo.com,100,0,0
1616237381213,107,HTTP Request,200,OK,Thread Group 1-1,text,true,,15024,140,5,5,http://www.google.com/?Email=abcd@yahoo.com,98,0,0
1616237381214,106,HTTP Request,200,OK,Thread Group 1-4,text,true,,15023,140,5,5,http://www.google.com/?Email=abcd@yahoo.com,97,0,0
1616237381262,96,HTTP Request,200,OK,Thread Group 1-2,text,true,,15043,140,4,4,http://www.google.com/?Email=abcd@yahoo.com,90,0,0
1616237381263,97,HTTP Request,200,OK,Thread Group 1-3,text,true,,15037,140,4,4,http://www.google.com/?Email=abcd@yahoo.com,92,0,0
1616237381263,109,HTTP Request,200,OK,Thread Group 1-5,text,true,,15010,140,4,4,http://www.google.com/?Email=abcd@yahoo.com,103,0,0
1616237381321,101,HTTP Request,200,OK,Thread Group 1-4,text,true,,15011,140,4,4,http://www.google.com/?Email=abcd@yahoo.com,94,0,0
1616237381361,100,HTTP Request,200,OK,Thread Group 1-3,text,true,,15035,140,4,4,http://www.google.com/?Email=abcd@yahoo.com,95,0,0
1616237381359,102,HTTP Request,200,OK,Thread Group 1-2,text,true,,15051,140,4,4,http://www.google.com/?Email=abcd@yahoo.com,95,0,0
1616237381373,98,HTTP Request,200,OK,Thread Group 1-5,text,true,,15030,140,2,2,http://www.google.com/?Email=abcd@yahoo.com,93,0,0
1616237381422,109,HTTP Request,200,OK,Thread Group 1-4,text,true,,15048,140,2,2,http://www.google.com/?Email=abcd@yahoo.com,103,0,0
1616237381472,104,HTTP Request,200,OK,Thread Group 1-5,text,true,,15062,140,2,2,http://www.google.com/?Email=abcd@yahoo.com,98,0,0
1616237381531,103,HTTP Request,200,OK,Thread Group 1-4,text,true,,15041,140,2,2,http://www.google.com/?Email=abcd@yahoo.com,96,0,0
1616237381577,107,HTTP Request,200,OK,Thread Group 1-5,text,true,,15023,140,1,1,http://www.google.com/?Email=abcd@yahoo.com,101,0,0
1616237381684,118,HTTP Request,200,OK,Thread Group 1-5,text,true,,14953,140,1,1,http://www.google.com/?Email=abcd@yahoo.com,112,0,0
1616240285042,335,HTTP Request,200,OK,Thread Group 1-1,text,true,,15012,140,3,3,http://www.google.com/?Email=abcd@yahoo.com,309,0,209
1616240285083,294,HTTP Request,200,OK,Thread Group 1-2,text,true,,15032,140,3,3,http://www.google.com/?Email=abcd@yahoo.com,268,0,167
1616240285279,161,HTTP Request,200,OK,Thread Group 1-3,text,true,,14998,140,3,3,http://www.google.com/?Email=abcd@yahoo.com,129,0,34
1616240285391,104,HTTP Request,200,OK,Thread Group 1-1,text,true,,15029,140,4,4,http://www.google.com/?Email=abcd@yahoo.com,98,0,0
1616240285389,117,HTTP Request,200,OK,Thread Group 1-2,text,true,,15071,140,4,4,http://www.google.com/?Email=abcd@yahoo.com,113,0,0
1616240285440,104,HTTP Request,200,OK,Thread Group 1-3,text,true,,14999,140,4,4,http://www.google.com/?Email=abcd@yahoo.com,98,0,0
1616240285495,108,HTTP Request,200,OK,Thread Group 1-1,text,true,,14961,140,4,4,http://www.google.com/?Email=abcd@yahoo.com,97,0,0
1616240285507,109,HTTP Request,200,OK,Thread Group 1-2,text,true,,14993,140,4,4,http://www.google.com/?Email=abcd@yahoo.com,103,0,0
1616240285544,100,HTTP Request,200,OK,Thread Group 1-3,text,true,,14991,140,4,4,http://www.google.com/?Email=abcd@yahoo.com,94,0,0
1616240285479,168,HTTP Request,200,OK,Thread Group 1-4,text,true,,15017,140,4,4,http://www.google.com/?Email=abcd@yahoo.com,136,0,31
1616240285603,109,HTTP Request,200,OK,Thread Group 1-1,text,true,,15021,140,5,5,http://www.google.com/?Email=abcd@yahoo.com,108,0,0
1616240285617,104,HTTP Request,200,OK,Thread Group 1-2,text,true,,15002,140,5,5,http://www.google.com/?Email=abcd@yahoo.com,98,0,0
1616240285644,101,HTTP Request,200,OK,Thread Group 1-3,text,true,,15045,140,5,5,http://www.google.com/?Email=abcd@yahoo.com,94,0,0
1616240285647,99,HTTP Request,200,OK,Thread Group 1-4,text,true,,14983,140,5,5,http://www.google.com/?Email=abcd@yahoo.com,94,0,0
1616240285712,101,HTTP Request,200,OK,Thread Group 1-1,text,true,,14988,140,5,5,http://www.google.com/?Email=abcd@yahoo.com,95,0,0
1616240285721,114,HTTP Request,200,OK,Thread Group 1-2,text,true,,15068,140,5,5,http://www.google.com/?Email=abcd@yahoo.com,108,0,0
1616240285746,112,HTTP Request,200,OK,Thread Group 1-4,text,true,,14984,140,5,5,http://www.google.com/?Email=abcd@yahoo.com,106,0,0
1616240285746,124,HTTP Request,200,OK,Thread Group 1-3,text,true,,14970,140,5,5,http://www.google.com/?Email=abcd@yahoo.com,118,0,0
1616240285679,209,HTTP Request,200,OK,Thread Group 1-5,text,true,,15042,140,5,5,http://www.google.com/?Email=abcd@yahoo.com,178,0,62
1616240285814,97,HTTP Request,200,OK,Thread Group 1-1,text,true,,15064,140,5,5,http://www.google.com/?Email=abcd@yahoo.com,92,0,0
1616240285836,98,HTTP Request,200,OK,Thread Group 1-2,text,true,,15059,140,5,5,http://www.google.com/?Email=abcd@yahoo.com,97,0,0
1616240285858,107,HTTP Request,200,OK,Thread Group 1-4,text,true,,15051,140,5,5,http://www.google.com/?Email=abcd@yahoo.com,99,0,0
1616240285871,102,HTTP Request,200,OK,Thread Group 1-3,text,true,,15088,140,5,5,http://www.google.com/?Email=abcd@yahoo.com,96,0,0
1616240285888,103,HTTP Request,200,OK,Thread Group 1-5,text,true,,15089,140,5,5,http://www.google.com/?Email=abcd@yahoo.com,96,0,0
1616240285911,115,HTTP Request,200,OK,Thread Group 1-1,text,true,,15044,140,5,5,http://www.google.com/?Email=abcd@yahoo.com,108,0,0
1616240285934,107,HTTP Request,200,OK,Thread Group 1-2,text,true,,15085,140,5,5,http://www.google.com/?Email=abcd@yahoo.com,101,0,0
1616240285966,96,HTTP Request,200,OK,Thread Group 1-4,text,true,,15015,140,5,5,http://www.google.com/?Email=abcd@yahoo.com,90,0,0
1616240285974,95,HTTP Request,200,OK,Thread Group 1-3,text,true,,15039,140,5,5,http://www.google.com/?Email=abcd@yahoo.com,89,0,0
1616240285992,105,HTTP Request,200,OK,Thread Group 1-5,text,true,,14984,140,5,5,http://www.google.com/?Email=abcd@yahoo.com,101,0,0
1616240286028,102,HTTP Request,200,OK,Thread Group 1-1,text,true,,15048,140,5,5,http://www.google.com/?Email=abcd@yahoo.com,96,0,0
1616240286042,112,HTTP Request,200,OK,Thread Group 1-2,text,true,,15070,140,5,5,http://www.google.com/?Email=abcd@yahoo.com,106,0,0
1616240286063,98,HTTP Request,200,OK,Thread Group 1-4,text,true,,15055,140,5,5,http://www.google.com/?Email=abcd@yahoo.com,93,0,0
1616240286070,107,HTTP Request,200,OK,Thread Group 1-3,text,true,,15020,140,5,5,http://www.google.com/?Email=abcd@yahoo.com,101,0,0
1616240286099,107,HTTP Request,200,OK,Thread Group 1-5,text,true,,15013,140,5,5,http://www.google.com/?Email=abcd@yahoo.com,100,0,0
1616240286131,109,HTTP Request,200,OK,Thread Group 1-1,text,true,,15010,140,5,5,http://www.google.com/?Email=abcd@yahoo.com,104,0,0
1616240286155,105,HTTP Request,200,OK,Thread Group 1-2,text,true,,15018,140,5,5,http://www.google.com/?Email=abcd@yahoo.com,97,0,0
1616240286162,107,HTTP Request,200,OK,Thread Group 1-4,text,true,,15066,140,5,5,http://www.google.com/?Email=abcd@yahoo.com,103,0,0
1616240286179,97,HTTP Request,200,OK,Thread Group 1-3,text,true,,15032,140,5,5,http://www.google.com/?Email=abcd@yahoo.com,92,0,0
1616240286207,145,HTTP Request,200,OK,Thread Group 1-5,text,true,,15062,140,5,5,http://www.google.com/?Email=abcd@yahoo.com,127,0,0
1616240286241,113,HTTP Request,200,OK,Thread Group 1-1,text,true,,15043,140,5,5,http://www.google.com/?Email=abcd@yahoo.com,113,0,0
1616240286261,109,HTTP Request,200,OK,Thread Group 1-2,text,true,,15078,140,5,5,http://www.google.com/?Email=abcd@yahoo.com,103,0,0
1616240286277,99,HTTP Request,200,OK,Thread Group 1-3,text,true,,15016,140,5,5,http://www.google.com/?Email=abcd@yahoo.com,92,0,0
1616240286271,106,HTTP Request,200,OK,Thread Group 1-4,text,true,,15010,140,5,5,http://www.google.com/?Email=abcd@yahoo.com,98,0,0
1616240286353,100,HTTP Request,200,OK,Thread Group 1-5,text,true,,15013,140,5,5,http://www.google.com/?Email=abcd@yahoo.com,92,0,0
1616240286355,99,HTTP Request,200,OK,Thread Group 1-1,text,true,,15034,140,5,5,http://www.google.com/?Email=abcd@yahoo.com,94,0,0
1616240286371,102,HTTP Request,200,OK,Thread Group 1-2,text,true,,15016,140,5,5,http://www.google.com/?Email=abcd@yahoo.com,95,0,0
1616240286379,95,HTTP Request,200,OK,Thread Group 1-4,text,true,,15036,140,5,5,http://www.google.com/?Email=abcd@yahoo.com,89,0,0
1616240286378,100,HTTP Request,200,OK,Thread Group 1-3,text,true,,14951,140,5,5,http://www.google.com/?Email=abcd@yahoo.com,94,0,0
1616240286455,102,HTTP Request,200,OK,Thread Group 1-1,text,true,,15053,140,5,5,http://www.google.com/?Email=abcd@yahoo.com,99,0,0
1616240286454,106,HTTP Request,200,OK,Thread Group 1-5,text,true,,15059,140,5,5,http://www.google.com/?Email=abcd@yahoo.com,96,0,0
1616240286475,100,HTTP Request,200,OK,Thread Group 1-4,text,true,,15037,140,5,5,http://www.google.com/?Email=abcd@yahoo.com,95,0,0
1616240286473,104,HTTP Request,200,OK,Thread Group 1-2,text,true,,15013,140,5,5,http://www.google.com/?Email=abcd@yahoo.com,99,0,0
1616240286479,103,HTTP Request,200,OK,Thread Group 1-3,text,true,,15046,140,5,5,http://www.google.com/?Email=abcd@yahoo.com,97,0,0
1616240286558,103,HTTP Request,200,OK,Thread Group 1-1,text,true,,15034,140,5,5,http://www.google.com/?Email=abcd@yahoo.com,97,0,0
1616240286560,103,HTTP Request,200,OK,Thread Group 1-5,text,true,,14994,140,5,5,http://www.google.com/?Email=abcd@yahoo.com,95,0,0
1616240286575,100,HTTP Request,200,OK,Thread Group 1-4,text,true,,15037,140,5,5,http://www.google.com/?Email=abcd@yahoo.com,94,0,0
1616240286578,100,HTTP Request,200,OK,Thread Group 1-2,text,true,,15071,140,5,5,http://www.google.com/?Email=abcd@yahoo.com,93,0,0
1616240286582,105,HTTP Request,200,OK,Thread Group 1-3,text,true,,15041,140,5,5,http://www.google.com/?Email=abcd@yahoo.com,98,0,0
1616240286662,100,HTTP Request,200,OK,Thread Group 1-1,text,true,,15021,140,5,5,http://www.google.com/?Email=abcd@yahoo.com,94,0,0
1616240286664,103,HTTP Request,200,OK,Thread Group 1-5,text,true,,15064,140,5,5,http://www.google.com/?Email=abcd@yahoo.com,96,0,0
1616240286677,93,HTTP Request,200,OK,Thread Group 1-4,text,true,,15074,140,5,5,http://www.google.com/?Email=abcd@yahoo.com,89,0,0
1616240286678,103,HTTP Request,200,OK,Thread Group 1-2,text,true,,15028,140,5,5,http://www.google.com/?Email=abcd@yahoo.com,98,0,0
1616240286687,98,HTTP Request,200,OK,Thread Group 1-3,text,true,,15012,140,5,5,http://www.google.com/?Email=abcd@yahoo.com,91,0,0
1616240286763,99,HTTP Request,200,OK,Thread Group 1-1,text,true,,14996,140,5,5,http://www.google.com/?Email=abcd@yahoo.com,92,0,0
1616240286771,105,HTTP Request,200,OK,Thread Group 1-4,text,true,,15064,140,5,5,http://www.google.com/?Email=abcd@yahoo.com,97,0,0
1616240286768,108,HTTP Request,200,OK,Thread Group 1-5,text,true,,14991,140,5,5,http://www.google.com/?Email=abcd@yahoo.com,100,0,0
1616240286785,94,HTTP Request,200,OK,Thread Group 1-3,text,true,,15003,140,5,5,http://www.google.com/?Email=abcd@yahoo.com,90,0,0
1616240286782,98,HTTP Request,200,OK,Thread Group 1-2,text,true,,14973,140,5,5,http://www.google.com/?Email=abcd@yahoo.com,93,0,0
1616240286864,99,HTTP Request,200,OK,Thread Group 1-1,text,true,,15054,140,5,5,http://www.google.com/?Email=abcd@yahoo.com,92,0,0
1616240286876,96,HTTP Request,200,OK,Thread Group 1-4,text,true,,15020,140,5,5,http://www.google.com/?Email=abcd@yahoo.com,90,0,0
1616240286876,100,HTTP Request,200,OK,Thread Group 1-5,text,true,,15044,140,5,5,http://www.google.com/?Email=abcd@yahoo.com,91,0,0
1616240286881,99,HTTP Request,200,OK,Thread Group 1-2,text,true,,15020,140,5,5,http://www.google.com/?Email=abcd@yahoo.com,93,0,0
1616240286879,104,HTTP Request,200,OK,Thread Group 1-3,text,true,,15039,140,5,5,http://www.google.com/?Email=abcd@yahoo.com,98,0,0
1616240286964,98,HTTP Request,200,OK,Thread Group 1-1,text,true,,15075,140,5,5,http://www.google.com/?Email=abcd@yahoo.com,96,0,0
1616240286977,106,HTTP Request,200,OK,Thread Group 1-5,text,true,,15084,140,5,5,http://www.google.com/?Email=abcd@yahoo.com,97,0,0
1616240286984,99,HTTP Request,200,OK,Thread Group 1-3,text,true,,15847,140,5,5,http://www.google.com/?Email=abcd@yahoo.com,91,0,0
1616240286980,105,HTTP Request,200,OK,Thread Group 1-2,text,true,,15027,140,5,5,http://www.google.com/?Email=abcd@yahoo.com,98,0,0
1616240286973,112,HTTP Request,200,OK,Thread Group 1-4,text,true,,15007,140,5,5,http://www.google.com/?Email=abcd@yahoo.com,107,0,0
1616240287062,101,HTTP Request,200,OK,Thread Group 1-1,text,true,,15027,140,5,5,http://www.google.com/?Email=abcd@yahoo.com,95,0,0
1616240287086,103,HTTP Request,200,OK,Thread Group 1-4,text,true,,15059,140,5,5,http://www.google.com/?Email=abcd@yahoo.com,98,0,0
1616240287084,106,HTTP Request,200,OK,Thread Group 1-3,text,true,,15054,140,5,5,http://www.google.com/?Email=abcd@yahoo.com,100,0,0
1616240287086,104,HTTP Request,200,OK,Thread Group 1-2,text,true,,15050,140,5,5,http://www.google.com/?Email=abcd@yahoo.com,98,0,0
1616240287084,107,HTTP Request,200,OK,Thread Group 1-5,text,true,,15005,140,5,5,http://www.google.com/?Email=abcd@yahoo.com,99,0,0
1616240287163,100,HTTP Request,200,OK,Thread Group 1-1,text,true,,15045,140,5,5,http://www.google.com/?Email=abcd@yahoo.com,94,0,0
1616240287191,109,HTTP Request,200,OK,Thread Group 1-2,text,true,,15056,140,5,5,http://www.google.com/?Email=abcd@yahoo.com,102,0,0
1616240287190,111,HTTP Request,200,OK,Thread Group 1-4,text,true,,15041,140,5,5,http://www.google.com/?Email=abcd@yahoo.com,107,0,0
1616240287190,112,HTTP Request,200,OK,Thread Group 1-3,text,true,,15050,140,5,5,http://www.google.com/?Email=abcd@yahoo.com,108,0,0
1616240287192,111,HTTP Request,200,OK,Thread Group 1-5,text,true,,15016,140,5,5,http://www.google.com/?Email=abcd@yahoo.com,107,0,0
1616240287265,97,HTTP Request,200,OK,Thread Group 1-1,text,true,,15034,140,5,5,http://www.google.com/?Email=abcd@yahoo.com,91,0,0
1616240287301,99,HTTP Request,200,OK,Thread Group 1-4,text,true,,15001,140,4,4,http://www.google.com/?Email=abcd@yahoo.com,92,0,0
1616240287303,100,HTTP Request,200,OK,Thread Group 1-3,text,true,,15058,140,4,4,http://www.google.com/?Email=abcd@yahoo.com,94,0,0
1616240287300,110,HTTP Request,200,OK,Thread Group 1-2,text,true,,15048,140,3,3,http://www.google.com/?Email=abcd@yahoo.com,103,0,0
1616240287304,110,HTTP Request,200,OK,Thread Group 1-5,text,true,,15047,140,2,2,http://www.google.com/?Email=abcd@yahoo.com,102,0,0
1616240287400,99,HTTP Request,200,OK,Thread Group 1-4,text,true,,15025,140,2,2,http://www.google.com/?Email=abcd@yahoo.com,94,0,0
1616240287415,105,HTTP Request,200,OK,Thread Group 1-5,text,true,,15007,140,2,2,http://www.google.com/?Email=abcd@yahoo.com,98,0,0
1616240287500,97,HTTP Request,200,OK,Thread Group 1-4,text,true,,15020,140,2,2,http://www.google.com/?Email=abcd@yahoo.com,93,0,0
1616240287521,103,HTTP Request,200,OK,Thread Group 1-5,text,true,,15010,140,1,1,http://www.google.com/?Email=abcd@yahoo.com,96,0,0
1616240287624,116,HTTP Request,200,OK,Thread Group 1-5,text,true,,15057,140,1,1,http://www.google.com/?Email=abcd@yahoo.com,108,0,0
1616240287741,101,HTTP Request,200,OK,Thread Group 1-5,text,true,,15067,140,1,1,http://www.google.com/?Email=abcd@yahoo.com,92,0,0
1616240287843,104,HTTP Request,200,OK,Thread Group 1-5,text,true,,15050,140,1,1,http://www.google.com/?Email=abcd@yahoo.com,97,0,0
1616242192591,255,HTTP Request,200,OK,Thread Group 1-2,text,true,,15048,140,3,3,http://www.google.com/?Email=abcd@yahoo.com,242,0,116
1616242192533,313,HTTP Request,200,OK,Thread Group 1-1,text,true,,15070,140,3,3,http://www.google.com/?Email=abcd@yahoo.com,300,0,175
1616242192792,152,HTTP Request,200,OK,Thread Group 1-3,text,true,,15041,140,3,3,http://www.google.com/?Email=abcd@yahoo.com,123,0,34
1616242192868,95,HTTP Request,200,OK,Thread Group 1-2,text,true,,15055,140,3,3,http://www.google.com/?Email=abcd@yahoo.com,92,0,0
1616242192868,97,HTTP Request,200,OK,Thread Group 1-1,text,true,,14994,140,3,3,http://www.google.com/?Email=abcd@yahoo.com,92,0,0
1616242192945,95,HTTP Request,200,OK,Thread Group 1-3,text,true,,15018,140,4,4,http://www.google.com/?Email=abcd@yahoo.com,89,0,0
1616242192964,97,HTTP Request,200,OK,Thread Group 1-2,text,true,,15028,140,4,4,http://www.google.com/?Email=abcd@yahoo.com,91,0,0
1616242192965,97,HTTP Request,200,OK,Thread Group 1-1,text,true,,15008,140,4,4,http://www.google.com/?Email=abcd@yahoo.com,92,0,0
1616242193041,101,HTTP Request,200,OK,Thread Group 1-3,text,true,,14979,140,4,4,http://www.google.com/?Email=abcd@yahoo.com,97,0,0
1616242192989,161,HTTP Request,200,OK,Thread Group 1-4,text,true,,15013,140,4,4,http://www.google.com/?Email=abcd@yahoo.com,130,0,34
1616242193063,105,HTTP Request,200,OK,Thread Group 1-2,text,true,,15059,140,4,4,http://www.google.com/?Email=abcd@yahoo.com,97,0,0
1616242193067,103,HTTP Request,200,OK,Thread Group 1-1,text,true,,15025,140,4,4,http://www.google.com/?Email=abcd@yahoo.com,101,0,0
1616242193143,96,HTTP Request,200,OK,Thread Group 1-3,text,true,,15013,140,5,5,http://www.google.com/?Email=abcd@yahoo.com,93,0,0
1616242193156,105,HTTP Request,200,OK,Thread Group 1-4,text,true,,15017,140,5,5,http://www.google.com/?Email=abcd@yahoo.com,98,0,0
1616242193169,97,HTTP Request,200,OK,Thread Group 1-2,text,true,,15059,140,5,5,http://www.google.com/?Email=abcd@yahoo.com,88,0,0
1616242193171,97,HTTP Request,200,OK,Thread Group 1-1,text,true,,15050,140,5,5,http://www.google.com/?Email=abcd@yahoo.com,95,0,0
1616242193239,96,HTTP Request,200,OK,Thread Group 1-3,text,true,,15073,140,5,5,http://www.google.com/?Email=abcd@yahoo.com,88,0,0
1616242193193,155,HTTP Request,200,OK,Thread Group 1-5,text,true,,15043,140,5,5,http://www.google.com/?Email=abcd@yahoo.com,123,0,34
1616242193267,95,HTTP Request,200,OK,Thread Group 1-2,text,true,,14991,140,5,5,http://www.google.com/?Email=abcd@yahoo.com,89,0,0
1616242193262,104,HTTP Request,200,OK,Thread Group 1-4,text,true,,14977,140,5,5,http://www.google.com/?Email=abcd@yahoo.com,95,0,0
1616242193268,101,HTTP Request,200,OK,Thread Group 1-1,text,true,,15009,140,5,5,http://www.google.com/?Email=abcd@yahoo.com,93,0,0
1616242193335,97,HTTP Request,200,OK,Thread Group 1-3,text,true,,14959,140,5,5,http://www.google.com/?Email=abcd@yahoo.com,91,0,0
1616242193349,100,HTTP Request,200,OK,Thread Group 1-5,text,true,,15040,140,5,5,http://www.google.com/?Email=abcd@yahoo.com,94,0,0
1616242193363,97,HTTP Request,200,OK,Thread Group 1-2,text,true,,15050,140,5,5,http://www.google.com/?Email=abcd@yahoo.com,91,0,0
1616242193367,98,HTTP Request,200,OK,Thread Group 1-4,text,true,,15001,140,5,5,http://www.google.com/?Email=abcd@yahoo.com,93,0,0
1616242193370,109,HTTP Request,200,OK,Thread Group 1-1,text,true,,15086,140,5,5,http://www.google.com/?Email=abcd@yahoo.com,95,0,0
1616242193433,100,HTTP Request,200,OK,Thread Group 1-3,text,true,,15024,140,5,5,http://www.google.com/?Email=abcd@yahoo.com,94,0,0
1616242193450,108,HTTP Request,200,OK,Thread Group 1-5,text,true,,15048,140,5,5,http://www.google.com/?Email=abcd@yahoo.com,103,0,0
1616242193461,100,HTTP Request,200,OK,Thread Group 1-2,text,true,,14986,140,5,5,http://www.google.com/?Email=abcd@yahoo.com,95,0,0
1616242193466,103,HTTP Request,200,OK,Thread Group 1-4,text,true,,15037,140,5,5,http://www.google.com/?Email=abcd@yahoo.com,100,0,0
1616242193534,99,HTTP Request,200,OK,Thread Group 1-3,text,true,,14990,140,5,5,http://www.google.com/?Email=abcd@yahoo.com,91,0,0
1616242193558,102,HTTP Request,200,OK,Thread Group 1-5,text,true,,15017,140,5,5,http://www.google.com/?Email=abcd@yahoo.com,96,0,0
1616242193562,98,HTTP Request,200,OK,Thread Group 1-2,text,true,,15004,140,5,5,http://www.google.com/?Email=abcd@yahoo.com,93,0,0
1616242193570,106,HTTP Request,200,OK,Thread Group 1-4,text,true,,15036,140,5,5,http://www.google.com/?Email=abcd@yahoo.com,99,0,0
1616242193481,203,HTTP Request,200,OK,Thread Group 1-1,text,true,,15034,140,5,5,http://www.google.com/?Email=abcd@yahoo.com,196,0,0
1616242193634,100,HTTP Request,200,OK,Thread Group 1-3,text,true,,15011,140,5,5,http://www.google.com/?Email=abcd@yahoo.com,94,0,0
1616242193661,97,HTTP Request,200,OK,Thread Group 1-2,text,true,,15054,140,5,5,http://www.google.com/?Email=abcd@yahoo.com,92,0,0
1616242193661,100,HTTP Request,200,OK,Thread Group 1-5,text,true,,15058,140,5,5,http://www.google.com/?Email=abcd@yahoo.com,95,0,0
1616242193685,114,HTTP Request,200,OK,Thread Group 1-1,text,true,,14985,140,5,5,http://www.google.com/?Email=abcd@yahoo.com,104,0,0
1616242193678,128,HTTP Request,200,OK,Thread Group 1-4,text,true,,14982,140,5,5,http://www.google.com/?Email=abcd@yahoo.com,119,0,0
1616242193735,102,HTTP Request,200,OK,Thread Group 1-3,text,true,,15038,140,5,5,http://www.google.com/?Email=abcd@yahoo.com,99,0,0
1616242193759,117,HTTP Request,200,OK,Thread Group 1-2,text,true,,15033,140,5,5,http://www.google.com/?Email=abcd@yahoo.com,112,0,0
1616242193762,116,HTTP Request,200,OK,Thread Group 1-5,text,true,,15024,140,5,5,http://www.google.com/?Email=abcd@yahoo.com,111,0,0
1616242193800,111,HTTP Request,200,OK,Thread Group 1-1,text,true,,14996,140,5,5,http://www.google.com/?Email=abcd@yahoo.com,106,0,0
1616242193837,117,HTTP Request,200,OK,Thread Group 1-3,text,true,,15012,140,5,5,http://www.google.com/?Email=abcd@yahoo.com,105,0,0
1616242193807,148,HTTP Request,200,OK,Thread Group 1-4,text,true,,15019,140,5,5,http://www.google.com/?Email=abcd@yahoo.com,147,0,0
1616242193877,103,HTTP Request,200,OK,Thread Group 1-2,text,true,,15028,140,5,5,http://www.google.com/?Email=abcd@yahoo.com,93,0,0
1616242193878,107,HTTP Request,200,OK,Thread Group 1-5,text,true,,15046,140,5,5,http://www.google.com/?Email=abcd@yahoo.com,101,0,0
1616242193912,107,HTTP Request,200,OK,Thread Group 1-1,text,true,,15076,140,5,5,http://www.google.com/?Email=abcd@yahoo.com,92,0,0
1616242193955,106,HTTP Request,200,OK,Thread Group 1-3,text,true,,15029,140,5,5,http://www.google.com/?Email=abcd@yahoo.com,103,0,0
1616242193955,107,HTTP Request,200,OK,Thread Group 1-4,text,true,,15034,140,5,5,http://www.google.com/?Email=abcd@yahoo.com,105,0,0
1616242193981,112,HTTP Request,200,OK,Thread Group 1-2,text,true,,14997,140,5,5,http://www.google.com/?Email=abcd@yahoo.com,100,0,0
1616242193986,109,HTTP Request,200,OK,Thread Group 1-5,text,true,,15027,140,5,5,http://www.google.com/?Email=abcd@yahoo.com,106,0,0
1616242194020,101,HTTP Request,200,OK,Thread Group 1-1,text,true,,15058,140,5,5,http://www.google.com/?Email=abcd@yahoo.com,99,0,0
1616242194062,101,HTTP Request,200,OK,Thread Group 1-4,text,true,,15021,140,5,5,http://www.google.com/?Email=abcd@yahoo.com,98,0,0
1616242194061,103,HTTP Request,200,OK,Thread Group 1-3,text,true,,14993,140,5,5,http://www.google.com/?Email=abcd@yahoo.com,100,0,0
1616242194096,97,HTTP Request,200,OK,Thread Group 1-5,text,true,,15061,140,5,5,http://www.google.com/?Email=abcd@yahoo.com,92,0,0
1616242194094,103,HTTP Request,200,OK,Thread Group 1-2,text,true,,15020,140,5,5,http://www.google.com/?Email=abcd@yahoo.com,98,0,0
1616242194122,114,HTTP Request,200,OK,Thread Group 1-1,text,true,,14982,140,5,5,http://www.google.com/?Email=abcd@yahoo.com,110,0,0
1616242194165,100,HTTP Request,200,OK,Thread Group 1-3,text,true,,15097,140,5,5,http://www.google.com/?Email=abcd@yahoo.com,97,0,0
1616242194164,105,HTTP Request,200,OK,Thread Group 1-4,text,true,,15110,140,5,5,http://www.google.com/?Email=abcd@yahoo.com,99,0,0
1616242194201,101,HTTP Request,200,OK,Thread Group 1-2,text,true,,15021,140,5,5,http://www.google.com/?Email=abcd@yahoo.com,96,0,0
1616242194195,110,HTTP Request,200,OK,Thread Group 1-5,text,true,,15025,140,5,5,http://www.google.com/?Email=abcd@yahoo.com,105,0,0
1616242194236,152,HTTP Request,200,OK,Thread Group 1-1,text,true,,15001,140,5,5,http://www.google.com/?Email=abcd@yahoo.com,128,0,0
1616242194266,138,HTTP Request,200,OK,Thread Group 1-3,text,true,,15068,140,5,5,http://www.google.com/?Email=abcd@yahoo.com,138,0,0
1616242194306,98,HTTP Request,200,OK,Thread Group 1-5,text,true,,14999,140,5,5,http://www.google.com/?Email=abcd@yahoo.com,98,0,0
1616242194270,134,HTTP Request,200,OK,Thread Group 1-4,text,true,,15081,140,5,5,http://www.google.com/?Email=abcd@yahoo.com,134,0,0
1616242194405,125,HTTP Request,200,OK,Thread Group 1-3,text,true,,15054,140,5,5,http://www.google.com/?Email=abcd@yahoo.com,93,0,0
1616242194389,142,HTTP Request,200,OK,Thread Group 1-1,text,true,,15035,140,5,5,http://www.google.com/?Email=abcd@yahoo.com,128,0,0
1616242194405,132,HTTP Request,200,OK,Thread Group 1-4,text,true,,15055,140,5,5,http://www.google.com/?Email=abcd@yahoo.com,115,0,0
1616242194303,300,HTTP Request,200,OK,Thread Group 1-2,text,true,,14981,140,5,5,http://www.google.com/?Email=abcd@yahoo.com,228,0,0
1616242194405,198,HTTP Request,200,OK,Thread Group 1-5,text,true,,15002,140,5,5,http://www.google.com/?Email=abcd@yahoo.com,126,0,0
1616242194531,165,HTTP Request,200,OK,Thread Group 1-3,text,true,,15010,140,5,5,http://www.google.com/?Email=abcd@yahoo.com,152,0,0
1616242194537,159,HTTP Request,200,OK,Thread Group 1-4,text,true,,15068,140,5,5,http://www.google.com/?Email=abcd@yahoo.com,143,0,0
1616242194531,165,HTTP Request,200,OK,Thread Group 1-1,text,true,,14992,140,5,5,http://www.google.com/?Email=abcd@yahoo.com,165,0,0
1616242194604,104,HTTP Request,200,OK,Thread Group 1-2,text,true,,14970,140,5,5,http://www.google.com/?Email=abcd@yahoo.com,94,0,0
1616242194604,104,HTTP Request,200,OK,Thread Group 1-5,text,true,,14988,140,5,5,http://www.google.com/?Email=abcd@yahoo.com,104,0,0
1616242194696,107,HTTP Request,200,OK,Thread Group 1-3,text,true,,15062,140,5,5,http://www.google.com/?Email=abcd@yahoo.com,99,0,0
1616242194708,96,HTTP Request,200,OK,Thread Group 1-2,text,true,,14976,140,5,5,http://www.google.com/?Email=abcd@yahoo.com,89,0,0
1616242194696,108,HTTP Request,200,OK,Thread Group 1-4,text,true,,15042,140,5,5,http://www.google.com/?Email=abcd@yahoo.com,100,0,0
1616242194696,108,HTTP Request,200,OK,Thread Group 1-1,text,true,,15052,140,5,5,http://www.google.com/?Email=abcd@yahoo.com,100,0,0
1616242194708,104,HTTP Request,200,OK,Thread Group 1-5,text,true,,15029,140,5,5,http://www.google.com/?Email=abcd@yahoo.com,101,0,0
1616242194804,98,HTTP Request,200,OK,Thread Group 1-3,text,true,,15029,140,5,5,http://www.google.com/?Email=abcd@yahoo.com,91,0,0
1616242194805,102,HTTP Request,200,OK,Thread Group 1-2,text,true,,15014,140,5,5,http://www.google.com/?Email=abcd@yahoo.com,94,0,0
1616242194805,103,HTTP Request,200,OK,Thread Group 1-4,text,true,,15012,140,5,5,http://www.google.com/?Email=abcd@yahoo.com,95,0,0
1616242194805,105,HTTP Request,200,OK,Thread Group 1-1,text,true,,15034,140,5,5,http://www.google.com/?Email=abcd@yahoo.com,100,0,0
1616242194813,100,HTTP Request,200,OK,Thread Group 1-5,text,true,,15005,140,5,5,http://www.google.com/?Email=abcd@yahoo.com,95,0,0
1616242194903,102,HTTP Request,200,OK,Thread Group 1-3,text,true,,15045,140,5,5,http://www.google.com/?Email=abcd@yahoo.com,96,0,0
1616242194911,101,HTTP Request,200,OK,Thread Group 1-1,text,true,,14980,140,4,4,http://www.google.com/?Email=abcd@yahoo.com,94,0,0
1616242194908,104,HTTP Request,200,OK,Thread Group 1-4,text,true,,15049,140,4,4,http://www.google.com/?Email=abcd@yahoo.com,97,0,0
1616242194907,105,HTTP Request,200,OK,Thread Group 1-2,text,true,,15008,140,4,4,http://www.google.com/?Email=abcd@yahoo.com,98,0,0
1616242194913,101,HTTP Request,200,OK,Thread Group 1-5,text,true,,15048,140,3,3,http://www.google.com/?Email=abcd@yahoo.com,99,0,0
1616242195012,102,HTTP Request,200,OK,Thread Group 1-1,text,true,,15016,140,3,3,http://www.google.com/?Email=abcd@yahoo.com,96,0,0
1616242195014,101,HTTP Request,200,OK,Thread Group 1-5,text,true,,15075,140,2,2,http://www.google.com/?Email=abcd@yahoo.com,100,0,0
1616242195012,108,HTTP Request,200,OK,Thread Group 1-4,text,true,,15065,140,2,2,http://www.google.com/?Email=abcd@yahoo.com,102,0,0
1616242195116,100,HTTP Request,200,OK,Thread Group 1-5,text,true,,15023,140,2,2,http://www.google.com/?Email=abcd@yahoo.com,96,0,0
1616242195120,116,HTTP Request,200,OK,Thread Group 1-4,text,true,,15055,140,2,2,http://www.google.com/?Email=abcd@yahoo.com,107,0,0
1616242195216,116,HTTP Request,200,OK,Thread Group 1-5,text,true,,15010,140,2,2,http://www.google.com/?Email=abcd@yahoo.com,116,0,0
1616242195236,98,HTTP Request,200,OK,Thread Group 1-4,text,true,,14999,140,2,2,http://www.google.com/?Email=abcd@yahoo.com,96,0,0
1616242195332,104,HTTP Request,200,OK,Thread Group 1-5,text,true,,15021,140,1,1,http://www.google.com/?Email=abcd@yahoo.com,95,0,0
